{
    "comparacao_modelos": {
        "SVM": {
            "0": {
                "precision": 0.8736592666500375,
                "recall": 0.9448340976530888,
                "f1-score": 0.9078538102643857,
                "support": 7414.0
            },
            "1": {
                "precision": 0.7664191890348372,
                "recall": 0.5698513800424628,
                "f1-score": 0.6536775450560156,
                "support": 2355.0
            },
            "accuracy": 0.8544375063977889,
            "macro avg": {
                "precision": 0.8200392278424373,
                "recall": 0.7573427388477758,
                "f1-score": 0.7807656776602007,
                "support": 9769.0
            },
            "weighted avg": {
                "precision": 0.847807041981822,
                "recall": 0.8544375063977889,
                "f1-score": 0.8465798718299797,
                "support": 9769.0
            },
            "train_accuracy": 0.8654057789266245,
            "confusion_matrix": [
                [
                    7005,
                    409
                ],
                [
                    1013,
                    1342
                ]
            ]
        },
        "RF": {
            "0": {
                "precision": 0.8826844262295082,
                "recall": 0.929592662530348,
                "f1-score": 0.9055314676126659,
                "support": 7414.0
            },
            "1": {
                "precision": 0.7338092809790923,
                "recall": 0.6110403397027601,
                "f1-score": 0.6668211306765524,
                "support": 2355.0
            },
            "accuracy": 0.8527996724332071,
            "macro avg": {
                "precision": 0.8082468536043002,
                "recall": 0.770316501116554,
                "f1-score": 0.7861762991446091,
                "support": 9769.0
            },
            "weighted avg": {
                "precision": 0.8467952904873923,
                "recall": 0.8527996724332071,
                "f1-score": 0.8479858801948599,
                "support": 9769.0
            },
            "train_accuracy": 0.9998976275177233,
            "confusion_matrix": [
                [
                    6892,
                    522
                ],
                [
                    916,
                    1439
                ]
            ]
        },
        "MLP": {
            "0": {
                "precision": 0.8804155054471751,
                "recall": 0.9374157000269759,
                "f1-score": 0.9080219493075516,
                "support": 7414.0
            },
            "1": {
                "precision": 0.7525333333333334,
                "recall": 0.5991507430997877,
                "f1-score": 0.6671394799054373,
                "support": 2355.0
            },
            "accuracy": 0.8558706111167981,
            "macro avg": {
                "precision": 0.8164744193902542,
                "recall": 0.7682832215633818,
                "f1-score": 0.7875807146064945,
                "support": 9769.0
            },
            "weighted avg": {
                "precision": 0.8495871181682215,
                "recall": 0.8558706111167981,
                "f1-score": 0.849952728768911,
                "support": 9769.0
            },
            "train_accuracy": 0.8689120364446037,
            "confusion_matrix": [
                [
                    6950,
                    464
                ],
                [
                    944,
                    1411
                ]
            ]
        }
    }
}