{
    "0": {
        "precision": 0.8736592666500375,
        "recall": 0.9448340976530888,
        "f1-score": 0.9078538102643857,
        "support": 7414.0
    },
    "1": {
        "precision": 0.7664191890348372,
        "recall": 0.5698513800424628,
        "f1-score": 0.6536775450560156,
        "support": 2355.0
    },
    "accuracy": 0.8544375063977889,
    "macro avg": {
        "precision": 0.8200392278424373,
        "recall": 0.7573427388477758,
        "f1-score": 0.7807656776602007,
        "support": 9769.0
    },
    "weighted avg": {
        "precision": 0.847807041981822,
        "recall": 0.8544375063977889,
        "f1-score": 0.8465798718299797,
        "support": 9769.0
    },
    "train_accuracy": 0.8654057789266245,
    "confusion_matrix": [
        [
            7005,
            409
        ],
        [
            1013,
            1342
        ]
    ]
}