{
    "0": {
        "precision": 0.8826844262295082,
        "recall": 0.929592662530348,
        "f1-score": 0.9055314676126659,
        "support": 7414.0
    },
    "1": {
        "precision": 0.7338092809790923,
        "recall": 0.6110403397027601,
        "f1-score": 0.6668211306765524,
        "support": 2355.0
    },
    "accuracy": 0.8527996724332071,
    "macro avg": {
        "precision": 0.8082468536043002,
        "recall": 0.770316501116554,
        "f1-score": 0.7861762991446091,
        "support": 9769.0
    },
    "weighted avg": {
        "precision": 0.8467952904873923,
        "recall": 0.8527996724332071,
        "f1-score": 0.8479858801948599,
        "support": 9769.0
    },
    "train_accuracy": 0.9998976275177233,
    "confusion_matrix": [
        [
            6892,
            522
        ],
        [
            916,
            1439
        ]
    ]
}