{
    "0": {
        "precision": 0.8804155054471751,
        "recall": 0.9374157000269759,
        "f1-score": 0.9080219493075516,
        "support": 7414.0
    },
    "1": {
        "precision": 0.7525333333333334,
        "recall": 0.5991507430997877,
        "f1-score": 0.6671394799054373,
        "support": 2355.0
    },
    "accuracy": 0.8558706111167981,
    "macro avg": {
        "precision": 0.8164744193902542,
        "recall": 0.7682832215633818,
        "f1-score": 0.7875807146064945,
        "support": 9769.0
    },
    "weighted avg": {
        "precision": 0.8495871181682215,
        "recall": 0.8558706111167981,
        "f1-score": 0.849952728768911,
        "support": 9769.0
    },
    "train_accuracy": 0.8689120364446037,
    "confusion_matrix": [
        [
            6950,
            464
        ],
        [
            944,
            1411
        ]
    ]
}